"Machine_ID","Application_Name","Hostname","Maintenance_Window"
"MACH-0001","AI Ops Data Integration","srv-aiopsdi-001-prod","Saturday 02:00-06:00 AM"
"MACH-0002","AI Ops Data Integration","srv-aiopsdi-002-prod","Saturday 02:00-06:00 AM"
"MACH-0003","AI Ops Data Integration","srv-aiopsdi-003-prod","Sunday 01:00-05:00 AM"
"MACH-0004","AI Ops Data Integration","srv-aiopsdi-004-dev","Tuesday 22:00-02:00 AM"
"MACH-0005","AI Ops Data Integration","srv-aiopsdi-005-test","Wednesday 23:00-03:00 AM"
"MACH-0006","AI Ops Data Integration","srv-aiopsdi-006-prod","Saturday 02:00-06:00 AM"
"MACH-0007","AI Ops Data Integration","srv-aiopsdi-007-prod","Sunday 01:00-05:00 AM"
"MACH-0008","AI Ops Data Integration","srv-aiopsdi-008-uat","Thursday 22:00-02:00 AM"
"MACH-0009","AI Ops Data Integration","srv-aiopsdi-009-dev","Tuesday 22:00-02:00 AM"
"MACH-0010","AI Ops Data Integration","srv-aiopsdi-010-prod","Saturday 02:00-06:00 AM"
"MACH-0011","AI Ops Data Integration","srv-aiopsdi-011-prod","Sunday 01:00-05:00 AM"
"MACH-0012","AI Ops Data Integration","srv-aiopsdi-012-backup","Sunday 03:00-07:00 AM"
"MACH-0013","AI Ops Design Consultation","srv-aiopsdc-001-prod","Sunday 02:00-06:00 AM"
"MACH-0014","AI Ops Design Consultation","srv-aiopsdc-002-prod","Sunday 02:00-06:00 AM"
"MACH-0015","AI Ops Design Consultation","srv-aiopsdc-003-dev","Wednesday 23:00-03:00 AM"
"MACH-0016","AI Ops Design Consultation","srv-aiopsdc-004-test","Thursday 22:00-02:00 AM"
"MACH-0017","AI Ops Design Consultation","srv-aiopsdc-005-prod","Sunday 02:00-06:00 AM"
"MACH-0018","AI Ops Design Consultation","srv-aiopsdc-006-prod","Saturday 03:00-07:00 AM"
"MACH-0019","AI Ops Design Consultation","srv-aiopsdc-007-uat","Tuesday 23:00-03:00 AM"
"MACH-0020","AI Ops Design Consultation","srv-aiopsdc-008-dev","Wednesday 23:00-03:00 AM"
"MACH-0021","AI Ops Design Consultation","srv-aiopsdc-009-prod","Sunday 02:00-06:00 AM"
"MACH-0022","AI Ops Design Consultation","srv-aiopsdc-010-prod","Saturday 03:00-07:00 AM"
"MACH-0023","AI Ops Incident Automation","srv-aiopsaut-001-prod","Sunday 00:00-04:00 AM"
"MACH-0024","AI Ops Incident Automation","srv-aiopsaut-002-prod","Sunday 00:00-04:00 AM"
"MACH-0025","AI Ops Incident Automation","srv-aiopsaut-003-prod","Sunday 00:00-04:00 AM"
"MACH-0026","AI Ops Incident Automation","srv-aiopsaut-004-prod","Saturday 01:00-05:00 AM"
"MACH-0027","AI Ops Incident Automation","srv-aiopsaut-005-dr","Sunday 04:00-08:00 AM"
"MACH-0028","AI Ops Incident Automation","srv-aiopsaut-006-prod","Sunday 00:00-04:00 AM"
"MACH-0029","AI Ops Incident Automation","srv-aiopsaut-007-prod","Saturday 01:00-05:00 AM"
"MACH-0030","AI Ops Incident Automation","srv-aiopsaut-008-dev","Monday 23:00-03:00 AM"
"MACH-0031","AI Ops Incident Automation","srv-aiopsaut-009-test","Tuesday 22:00-02:00 AM"
"MACH-0032","AI Ops Incident Automation","srv-aiopsaut-010-prod","Sunday 00:00-04:00 AM"
"MACH-0033","AI Ops Incident Automation","srv-aiopsaut-011-prod","Saturday 01:00-05:00 AM"
"MACH-0034","AI Ops Incident Automation","srv-aiopsaut-012-uat","Wednesday 22:00-02:00 AM"
"MACH-0035","AI Ops Incident Automation","srv-aiopsaut-013-backup","Sunday 04:00-08:00 AM"
"MACH-0036","AI Ops Performance Analytics","srv-aiopspa-001-prod","Saturday 03:00-07:00 AM"
"MACH-0037","AI Ops Performance Analytics","srv-aiopspa-002-prod","Saturday 03:00-07:00 AM"
"MACH-0038","AI Ops Performance Analytics","srv-aiopspa-003-prod","Sunday 02:00-06:00 AM"
"MACH-0039","AI Ops Performance Analytics","srv-aiopspa-004-dev","Tuesday 23:00-03:00 AM"
"MACH-0040","AI Ops Performance Analytics","srv-aiopspa-005-test","Wednesday 22:00-02:00 AM"
"MACH-0041","AI Ops Performance Analytics","srv-aiopspa-006-prod","Saturday 03:00-07:00 AM"
"MACH-0042","AI Ops Performance Analytics","srv-aiopspa-007-prod","Sunday 02:00-06:00 AM"
"MACH-0043","AI Ops Performance Analytics","srv-aiopspa-008-uat","Thursday 23:00-03:00 AM"
"MACH-0044","AI Ops Performance Analytics","srv-aiopspa-009-prod","Saturday 03:00-07:00 AM"
"MACH-0045","AI Ops Performance Analytics","srv-aiopspa-010-dev","Tuesday 23:00-03:00 AM"
"MACH-0046","AI Ops Performance Analytics","srv-aiopspa-011-prod","Sunday 02:00-06:00 AM"
"MACH-0047","AI Ops Platform Setup and Configuration","srv-aiopsps-001-prod","Sunday 01:00-05:00 AM"
"MACH-0048","AI Ops Platform Setup and Configuration","srv-aiopsps-002-prod","Sunday 01:00-05:00 AM"
"MACH-0049","AI Ops Platform Setup and Configuration","srv-aiopsps-003-prod","Saturday 02:00-06:00 AM"
"MACH-0050","AI Ops Platform Setup and Configuration","srv-aiopsps-004-dev","Wednesday 22:00-02:00 AM"
"MACH-0051","AI Ops Platform Setup and Configuration","srv-aiopsps-005-test","Thursday 23:00-03:00 AM"
"MACH-0052","AI Ops Platform Setup and Configuration","srv-aiopsps-006-prod","Sunday 01:00-05:00 AM"
"MACH-0053","AI Ops Platform Setup and Configuration","srv-aiopsps-007-prod","Saturday 02:00-06:00 AM"
"MACH-0054","AI Ops Platform Setup and Configuration","srv-aiopsps-008-uat","Tuesday 22:00-02:00 AM"
"MACH-0055","AI Ops Platform Setup and Configuration","srv-aiopsps-009-prod","Sunday 01:00-05:00 AM"
"MACH-0056","AI Ops Platform Setup and Configuration","srv-aiopsps-010-dev","Wednesday 22:00-02:00 AM"
"MACH-0057","AI Ops Platform Setup and Configuration","srv-aiopsps-011-prod","Saturday 02:00-06:00 AM"
"MACH-0058","AI Ops Platform Setup and Configuration","srv-aiopsps-012-backup","Sunday 05:00-09:00 AM"
"MACH-0059","Client Endpoint Consultation","srv-clntep-001-prod","Sunday 03:00-07:00 AM"
"MACH-0060","Client Endpoint Consultation","srv-clntep-002-prod","Sunday 03:00-07:00 AM"
"MACH-0061","Client Endpoint Consultation","srv-clntep-003-dev","Tuesday 22:00-02:00 AM"
"MACH-0062","Client Endpoint Consultation","srv-clntep-004-test","Wednesday 23:00-03:00 AM"
"MACH-0063","Client Endpoint Consultation","srv-clntep-005-prod","Sunday 03:00-07:00 AM"
"MACH-0064","Client Endpoint Consultation","srv-clntep-006-prod","Saturday 04:00-08:00 AM"
"MACH-0065","Client Endpoint Consultation","srv-clntep-007-uat","Thursday 22:00-02:00 AM"
"MACH-0066","Client Endpoint Consultation","srv-clntep-008-dev","Tuesday 22:00-02:00 AM"
"MACH-0067","Client Endpoint Consultation","srv-clntep-009-prod","Sunday 03:00-07:00 AM"
"MACH-0068","Client Endpoint Consultation","srv-clntep-010-prod","Saturday 04:00-08:00 AM"
"MACH-0069","Client File Share Access Configuration","srv-clntfs-001-prod","Saturday 02:00-06:00 AM"
"MACH-0070","Client File Share Access Configuration","srv-clntfs-002-prod","Saturday 02:00-06:00 AM"
"MACH-0071","Client File Share Access Configuration","srv-clntfs-003-prod","Sunday 01:00-05:00 AM"
"MACH-0072","Client File Share Access Configuration","srv-clntfs-004-dev","Wednesday 22:00-02:00 AM"
"MACH-0073","Client File Share Access Configuration","srv-clntfs-005-test","Thursday 23:00-03:00 AM"
"MACH-0074","Client File Share Access Configuration","srv-clntfs-006-prod","Saturday 02:00-06:00 AM"
"MACH-0075","Client File Share Access Configuration","srv-clntfs-007-prod","Sunday 01:00-05:00 AM"
"MACH-0076","Client File Share Access Configuration","srv-clntfs-008-uat","Tuesday 23:00-03:00 AM"
"MACH-0077","Client File Share Access Configuration","srv-clntfs-009-prod","Saturday 02:00-06:00 AM"
"MACH-0078","Client File Share Access Configuration","srv-clntfs-010-dev","Wednesday 22:00-02:00 AM"
"MACH-0079","Client File Share Access Configuration","srv-clntfs-011-prod","Sunday 01:00-05:00 AM"
"MACH-0080","Client File Share Access Configuration","srv-clntfs-012-backup","Sunday 05:00-09:00 AM"
"MACH-0081","Client Software Deployment","srv-clntsw-001-prod","Sunday 02:00-06:00 AM"
"MACH-0082","Client Software Deployment","srv-clntsw-002-prod","Sunday 02:00-06:00 AM"
"MACH-0083","Client Software Deployment","srv-clntsw-003-prod","Saturday 01:00-05:00 AM"
"MACH-0084","Client Software Deployment","srv-clntsw-004-dev","Tuesday 22:00-02:00 AM"
"MACH-0085","Client Software Deployment","srv-clntsw-005-test","Wednesday 23:00-03:00 AM"
"MACH-0086","Client Software Deployment","srv-clntsw-006-prod","Sunday 02:00-06:00 AM"
"MACH-0087","Client Software Deployment","srv-clntsw-007-prod","Saturday 01:00-05:00 AM"
"MACH-0088","Client Software Deployment","srv-clntsw-008-uat","Thursday 22:00-02:00 AM"
"MACH-0089","Client Software Deployment","srv-clntsw-009-prod","Sunday 02:00-06:00 AM"
"MACH-0090","Client Software Deployment","srv-clntsw-010-dev","Tuesday 22:00-02:00 AM"
"MACH-0091","Client Software Deployment","srv-clntsw-011-prod","Saturday 01:00-05:00 AM"
"MACH-0092","Client Software Deployment","srv-clntsw-012-prod","Sunday 02:00-06:00 AM"
"MACH-0093","Client VPN Setup and Configuration","srv-clntvpn-001-prod","Saturday 00:00-04:00 AM"
"MACH-0094","Client VPN Setup and Configuration","srv-clntvpn-002-prod","Saturday 00:00-04:00 AM"
"MACH-0095","Client VPN Setup and Configuration","srv-clntvpn-003-prod","Sunday 00:00-04:00 AM"
"MACH-0096","Client VPN Setup and Configuration","srv-clntvpn-004-prod","Saturday 00:00-04:00 AM"
"MACH-0097","Client VPN Setup and Configuration","srv-clntvpn-005-dr","Sunday 04:00-08:00 AM"
"MACH-0098","Client VPN Setup and Configuration","srv-clntvpn-006-prod","Saturday 00:00-04:00 AM"
"MACH-0099","Client VPN Setup and Configuration","srv-clntvpn-007-prod","Sunday 00:00-04:00 AM"
"MACH-0100","Client VPN Setup and Configuration","srv-clntvpn-008-dev","Monday 23:00-03:00 AM"
"MACH-0101","Client VPN Setup and Configuration","srv-clntvpn-009-test","Tuesday 22:00-02:00 AM"
"MACH-0102","Client VPN Setup and Configuration","srv-clntvpn-010-prod","Saturday 00:00-04:00 AM"
"MACH-0103","Client VPN Setup and Configuration","srv-clntvpn-011-prod","Sunday 00:00-04:00 AM"
"MACH-0104","Client VPN Setup and Configuration","srv-clntvpn-012-uat","Wednesday 23:00-03:00 AM"
"MACH-0105","Client VPN Setup and Configuration","srv-clntvpn-013-backup","Sunday 04:00-08:00 AM"
"MACH-0106","Client VPN Troubleshooting","srv-clntvpnts-001-prod","Saturday 01:00-05:00 AM"
"MACH-0107","Client VPN Troubleshooting","srv-clntvpnts-002-prod","Saturday 01:00-05:00 AM"
"MACH-0108","Client VPN Troubleshooting","srv-clntvpnts-003-prod","Sunday 01:00-05:00 AM"
"MACH-0109","Client VPN Troubleshooting","srv-clntvpnts-004-dev","Tuesday 23:00-03:00 AM"
"MACH-0110","Client VPN Troubleshooting","srv-clntvpnts-005-test","Wednesday 22:00-02:00 AM"
"MACH-0111","Client VPN Troubleshooting","srv-clntvpnts-006-prod","Saturday 01:00-05:00 AM"
"MACH-0112","Client VPN Troubleshooting","srv-clntvpnts-007-prod","Sunday 01:00-05:00 AM"
"MACH-0113","Client VPN Troubleshooting","srv-clntvpnts-008-uat","Thursday 23:00-03:00 AM"
"MACH-0114","Client VPN Troubleshooting","srv-clntvpnts-009-prod","Saturday 01:00-05:00 AM"
"MACH-0115","Client VPN Troubleshooting","srv-clntvpnts-010-dev","Tuesday 23:00-03:00 AM"
"MACH-0116","Client VPN Troubleshooting","srv-clntvpnts-011-prod","Sunday 01:00-05:00 AM"
"MACH-0117","Database Backup and Recovery Configuration","srv-dbbkup-001-prod","Sunday 00:00-04:00 AM"
"MACH-0118","Database Backup and Recovery Configuration","srv-dbbkup-002-prod","Sunday 00:00-04:00 AM"
"MACH-0119","Database Backup and Recovery Configuration","srv-dbbkup-003-prod","Sunday 00:00-04:00 AM"
"MACH-0120","Database Backup and Recovery Configuration","srv-dbbkup-004-dr","Sunday 04:00-08:00 AM"
"MACH-0121","Database Backup and Recovery Configuration","srv-dbbkup-005-dev","Wednesday 22:00-02:00 AM"
"MACH-0122","Database Backup and Recovery Configuration","srv-dbbkup-006-test","Thursday 23:00-03:00 AM"
"MACH-0123","Database Backup and Recovery Configuration","srv-dbbkup-007-prod","Sunday 00:00-04:00 AM"
"MACH-0124","Database Backup and Recovery Configuration","srv-dbbkup-008-prod","Saturday 23:00-03:00 AM"
"MACH-0125","Database Backup and Recovery Configuration","srv-dbbkup-009-uat","Tuesday 22:00-02:00 AM"
"MACH-0126","Database Backup and Recovery Configuration","srv-dbbkup-010-prod","Sunday 00:00-04:00 AM"
"MACH-0127","Database Backup and Recovery Configuration","srv-dbbkup-011-prod","Saturday 23:00-03:00 AM"
"MACH-0128","Database Backup and Recovery Configuration","srv-dbbkup-012-backup","Sunday 04:00-08:00 AM"
"MACH-0129","Database Migration Service","srv-dbmig-001-prod","Saturday 02:00-06:00 AM"
"MACH-0130","Database Migration Service","srv-dbmig-002-prod","Saturday 02:00-06:00 AM"
"MACH-0131","Database Migration Service","srv-dbmig-003-dev","Tuesday 22:00-02:00 AM"
"MACH-0132","Database Migration Service","srv-dbmig-004-test","Wednesday 23:00-03:00 AM"
"MACH-0133","Database Migration Service","srv-dbmig-005-prod","Saturday 02:00-06:00 AM"
"MACH-0134","Database Migration Service","srv-dbmig-006-prod","Sunday 02:00-06:00 AM"
"MACH-0135","Database Migration Service","srv-dbmig-007-uat","Thursday 22:00-02:00 AM"
"MACH-0136","Database Migration Service","srv-dbmig-008-dev","Tuesday 22:00-02:00 AM"
"MACH-0137","Database Migration Service","srv-dbmig-009-prod","Saturday 02:00-06:00 AM"
"MACH-0138","Database Migration Service","srv-dbmig-010-prod","Sunday 02:00-06:00 AM"
"MACH-0139","Database Migration Service","srv-dbmig-011-staging","Friday 22:00-02:00 AM"
"MACH-0140","Database Performance Consultation","srv-dbperf-001-prod","Sunday 01:00-05:00 AM"
"MACH-0141","Database Performance Consultation","srv-dbperf-002-prod","Sunday 01:00-05:00 AM"
"MACH-0142","Database Performance Consultation","srv-dbperf-003-prod","Saturday 01:00-05:00 AM"
"MACH-0143","Database Performance Consultation","srv-dbperf-004-dev","Wednesday 23:00-03:00 AM"
"MACH-0144","Database Performance Consultation","srv-dbperf-005-test","Thursday 22:00-02:00 AM"
"MACH-0145","Database Performance Consultation","srv-dbperf-006-prod","Sunday 01:00-05:00 AM"
"MACH-0146","Database Performance Consultation","srv-dbperf-007-prod","Saturday 01:00-05:00 AM"
"MACH-0147","Database Performance Consultation","srv-dbperf-008-uat","Tuesday 23:00-03:00 AM"
"MACH-0148","Database Performance Consultation","srv-dbperf-009-prod","Sunday 01:00-05:00 AM"
"MACH-0149","Database Performance Consultation","srv-dbperf-010-dev","Wednesday 23:00-03:00 AM"
"MACH-0150","Database Performance Consultation","srv-dbperf-011-prod","Saturday 01:00-05:00 AM"
"MACH-0151","Database Performance Consultation","srv-dbperf-012-prod","Sunday 01:00-05:00 AM"
"MACH-0152","Database Security Audit","srv-dbsec-001-prod","Saturday 03:00-07:00 AM"
"MACH-0153","Database Security Audit","srv-dbsec-002-prod","Saturday 03:00-07:00 AM"
"MACH-0154","Database Security Audit","srv-dbsec-003-prod","Sunday 03:00-07:00 AM"
"MACH-0155","Database Security Audit","srv-dbsec-004-dev","Tuesday 22:00-02:00 AM"
"MACH-0156","Database Security Audit","srv-dbsec-005-test","Wednesday 23:00-03:00 AM"
"MACH-0157","Database Security Audit","srv-dbsec-006-prod","Saturday 03:00-07:00 AM"
"MACH-0158","Database Security Audit","srv-dbsec-007-prod","Sunday 03:00-07:00 AM"
"MACH-0159","Database Security Audit","srv-dbsec-008-uat","Thursday 22:00-02:00 AM"
"MACH-0160","Database Security Audit","srv-dbsec-009-prod","Saturday 03:00-07:00 AM"
"MACH-0161","Database Security Audit","srv-dbsec-010-dev","Tuesday 22:00-02:00 AM"
"MACH-0162","Database Security Audit","srv-dbsec-011-prod","Sunday 03:00-07:00 AM"
"MACH-0163","Database Security Audit","srv-dbsec-012-audit","Sunday 07:00-11:00 AM"
"MACH-0164","Database Setup and Configuration","srv-dbsetup-001-prod","Sunday 02:00-06:00 AM"
"MACH-0165","Database Setup and Configuration","srv-dbsetup-002-prod","Sunday 02:00-06:00 AM"
"MACH-0166","Database Setup and Configuration","srv-dbsetup-003-prod","Saturday 02:00-06:00 AM"
"MACH-0167","Database Setup and Configuration","srv-dbsetup-004-dev","Wednesday 22:00-02:00 AM"
"MACH-0168","Database Setup and Configuration","srv-dbsetup-005-test","Thursday 23:00-03:00 AM"
"MACH-0169","Database Setup and Configuration","srv-dbsetup-006-prod","Sunday 02:00-06:00 AM"
"MACH-0170","Database Setup and Configuration","srv-dbsetup-007-prod","Saturday 02:00-06:00 AM"
"MACH-0171","Database Setup and Configuration","srv-dbsetup-008-uat","Tuesday 22:00-02:00 AM"
"MACH-0172","Database Setup and Configuration","srv-dbsetup-009-prod","Sunday 02:00-06:00 AM"
"MACH-0173","Database Setup and Configuration","srv-dbsetup-010-dev","Wednesday 22:00-02:00 AM"
"MACH-0174","Database Setup and Configuration","srv-dbsetup-011-prod","Saturday 02:00-06:00 AM"
"MACH-0175","Enterprise File Share Recovery","srv-efsrec-001-prod","Saturday 01:00-05:00 AM"
"MACH-0176","Enterprise File Share Recovery","srv-efsrec-002-prod","Saturday 01:00-05:00 AM"
"MACH-0177","Enterprise File Share Recovery","srv-efsrec-003-prod","Sunday 01:00-05:00 AM"
"MACH-0178","Enterprise File Share Recovery","srv-efsrec-004-dr","Sunday 05:00-09:00 AM"
"MACH-0179","Enterprise File Share Recovery","srv-efsrec-005-dev","Tuesday 23:00-03:00 AM"
"MACH-0180","Enterprise File Share Recovery","srv-efsrec-006-test","Wednesday 22:00-02:00 AM"
"MACH-0181","Enterprise File Share Recovery","srv-efsrec-007-prod","Saturday 01:00-05:00 AM"
"MACH-0182","Enterprise File Share Recovery","srv-efsrec-008-prod","Sunday 01:00-05:00 AM"
"MACH-0183","Enterprise File Share Recovery","srv-efsrec-009-uat","Thursday 23:00-03:00 AM"
"MACH-0184","Enterprise File Share Recovery","srv-efsrec-010-prod","Saturday 01:00-05:00 AM"
"MACH-0185","Enterprise File Share Recovery","srv-efsrec-011-prod","Sunday 01:00-05:00 AM"
"MACH-0186","Enterprise File Share Recovery","srv-efsrec-012-backup","Sunday 05:00-09:00 AM"
"MACH-0187","Network Firewall Configuration Change","srv-nwfw-001-prod","Sunday 00:00-04:00 AM"
"MACH-0188","Network Firewall Configuration Change","srv-nwfw-002-prod","Sunday 00:00-04:00 AM"
"MACH-0189","Network Firewall Configuration Change","srv-nwfw-003-prod","Sunday 00:00-04:00 AM"
"MACH-0190","Network Firewall Configuration Change","srv-nwfw-004-prod","Saturday 00:00-04:00 AM"
"MACH-0191","Network Firewall Configuration Change","srv-nwfw-005-dr","Sunday 04:00-08:00 AM"
"MACH-0192","Network Firewall Configuration Change","srv-nwfw-006-prod","Sunday 00:00-04:00 AM"
"MACH-0193","Network Firewall Configuration Change","srv-nwfw-007-prod","Saturday 00:00-04:00 AM"
"MACH-0194","Network Firewall Configuration Change","srv-nwfw-008-dev","Monday 23:00-03:00 AM"
"MACH-0195","Network Firewall Configuration Change","srv-nwfw-009-test","Tuesday 22:00-02:00 AM"
"MACH-0196","Network Firewall Configuration Change","srv-nwfw-010-prod","Sunday 00:00-04:00 AM"
"MACH-0197","Network Firewall Configuration Change","srv-nwfw-011-prod","Saturday 00:00-04:00 AM"
"MACH-0198","Network Firewall Configuration Change","srv-nwfw-012-uat","Wednesday 23:00-03:00 AM"
"MACH-0199","Network Firewall Configuration Change","srv-nwfw-013-backup","Sunday 04:00-08:00 AM"
"MACH-0200","Network Firewall Incident Response","srv-nwfwir-001-prod","Sunday 01:00-05:00 AM"
"MACH-0201","Network Firewall Incident Response","srv-nwfwir-002-prod","Sunday 01:00-05:00 AM"
"MACH-0202","Network Firewall Incident Response","srv-nwfwir-003-prod","Sunday 01:00-05:00 AM"
"MACH-0203","Network Firewall Incident Response","srv-nwfwir-004-prod","Saturday 01:00-05:00 AM"
"MACH-0204","Network Firewall Incident Response","srv-nwfwir-005-dr","Sunday 05:00-09:00 AM"
"MACH-0205","Network Firewall Incident Response","srv-nwfwir-006-prod","Sunday 01:00-05:00 AM"
"MACH-0206","Network Firewall Incident Response","srv-nwfwir-007-prod","Saturday 01:00-05:00 AM"
"MACH-0207","Network Firewall Incident Response","srv-nwfwir-008-dev","Monday 22:00-02:00 AM"
"MACH-0208","Network Firewall Incident Response","srv-nwfwir-009-test","Tuesday 23:00-03:00 AM"
"MACH-0209","Network Firewall Incident Response","srv-nwfwir-010-prod","Sunday 01:00-05:00 AM"
"MACH-0210","Network Firewall Incident Response","srv-nwfwir-011-prod","Saturday 01:00-05:00 AM"
"MACH-0211","Network Firewall Incident Response","srv-nwfwir-012-uat","Wednesday 22:00-02:00 AM"
"MACH-0212","Network Firewall Incident Response","srv-nwfwir-013-backup","Sunday 05:00-09:00 AM"
"MACH-0213","Network Firewall Performance Tuning","srv-nwfwpt-001-prod","Saturday 02:00-06:00 AM"
"MACH-0214","Network Firewall Performance Tuning","srv-nwfwpt-002-prod","Saturday 02:00-06:00 AM"
"MACH-0215","Network Firewall Performance Tuning","srv-nwfwpt-003-prod","Sunday 02:00-06:00 AM"
"MACH-0216","Network Firewall Performance Tuning","srv-nwfwpt-004-dev","Tuesday 22:00-02:00 AM"
"MACH-0217","Network Firewall Performance Tuning","srv-nwfwpt-005-test","Wednesday 23:00-03:00 AM"
"MACH-0218","Network Firewall Performance Tuning","srv-nwfwpt-006-prod","Saturday 02:00-06:00 AM"
"MACH-0219","Network Firewall Performance Tuning","srv-nwfwpt-007-prod","Sunday 02:00-06:00 AM"
"MACH-0220","Network Firewall Performance Tuning","srv-nwfwpt-008-uat","Thursday 22:00-02:00 AM"
"MACH-0221","Network Firewall Performance Tuning","srv-nwfwpt-009-prod","Saturday 02:00-06:00 AM"
"MACH-0222","Network Firewall Performance Tuning","srv-nwfwpt-010-dev","Tuesday 22:00-02:00 AM"
"MACH-0223","Network Firewall Performance Tuning","srv-nwfwpt-011-prod","Sunday 02:00-06:00 AM"
"MACH-0224","Network Firewall Rule Add-Modify-Delete","srv-nwfwrule-001-prod","Sunday 00:00-04:00 AM"
"MACH-0225","Network Firewall Rule Add-Modify-Delete","srv-nwfwrule-002-prod","Sunday 00:00-04:00 AM"
"MACH-0226","Network Firewall Rule Add-Modify-Delete","srv-nwfwrule-003-prod","Sunday 00:00-04:00 AM"
"MACH-0227","Network Firewall Rule Add-Modify-Delete","srv-nwfwrule-004-prod","Saturday 00:00-04:00 AM"
"MACH-0228","Network Firewall Rule Add-Modify-Delete","srv-nwfwrule-005-dev","Monday 23:00-03:00 AM"
"MACH-0229","Network Firewall Rule Add-Modify-Delete","srv-nwfwrule-006-test","Tuesday 22:00-02:00 AM"
"MACH-0230","Network Firewall Rule Add-Modify-Delete","srv-nwfwrule-007-prod","Sunday 00:00-04:00 AM"
"MACH-0231","Network Firewall Rule Add-Modify-Delete","srv-nwfwrule-008-prod","Saturday 00:00-04:00 AM"
"MACH-0232","Network Firewall Rule Add-Modify-Delete","srv-nwfwrule-009-uat","Wednesday 23:00-03:00 AM"
"MACH-0233","Network Firewall Rule Add-Modify-Delete","srv-nwfwrule-010-prod","Sunday 00:00-04:00 AM"
"MACH-0234","Network Firewall Rule Add-Modify-Delete","srv-nwfwrule-011-prod","Saturday 00:00-04:00 AM"
"MACH-0235","Network Firewall Rule Add-Modify-Delete","srv-nwfwrule-012-dr","Sunday 04:00-08:00 AM"
"MACH-0236","Network Firewall Rule Audit","srv-nwfwaudit-001-prod","Saturday 03:00-07:00 AM"
"MACH-0237","Network Firewall Rule Audit","srv-nwfwaudit-002-prod","Saturday 03:00-07:00 AM"
"MACH-0238","Network Firewall Rule Audit","srv-nwfwaudit-003-prod","Sunday 03:00-07:00 AM"
"MACH-0239","Network Firewall Rule Audit","srv-nwfwaudit-004-dev","Tuesday 23:00-03:00 AM"
"MACH-0240","Network Firewall Rule Audit","srv-nwfwaudit-005-test","Wednesday 22:00-02:00 AM"
"MACH-0241","Network Firewall Rule Audit","srv-nwfwaudit-006-prod","Saturday 03:00-07:00 AM"
"MACH-0242","Network Firewall Rule Audit","srv-nwfwaudit-007-prod","Sunday 03:00-07:00 AM"
"MACH-0243","Network Firewall Rule Audit","srv-nwfwaudit-008-uat","Thursday 23:00-03:00 AM"
"MACH-0244","Network Firewall Rule Audit","srv-nwfwaudit-009-prod","Saturday 03:00-07:00 AM"
"MACH-0245","Network Firewall Rule Audit","srv-nwfwaudit-010-dev","Tuesday 23:00-03:00 AM"
"MACH-0246","Network Firewall Rule Audit","srv-nwfwaudit-011-prod","Sunday 03:00-07:00 AM"
"MACH-0247","Network Monitoring","srv-netmon-001-prod","Sunday 02:00-06:00 AM"
"MACH-0248","Network Monitoring","srv-netmon-002-prod","Sunday 02:00-06:00 AM"
"MACH-0249","Network Monitoring","srv-netmon-003-prod","Sunday 02:00-06:00 AM"
"MACH-0250","Network Monitoring","srv-netmon-004-prod","Saturday 02:00-06:00 AM"
"MACH-0251","Network Monitoring","srv-netmon-005-dr","Sunday 06:00-10:00 AM"
"MACH-0252","Network Monitoring","srv-netmon-006-prod","Sunday 02:00-06:00 AM"
"MACH-0253","Network Monitoring","srv-netmon-007-prod","Saturday 02:00-06:00 AM"
"MACH-0254","Network Monitoring","srv-netmon-008-dev","Tuesday 22:00-02:00 AM"
"MACH-0255","Network Monitoring","srv-netmon-009-test","Wednesday 23:00-03:00 AM"
"MACH-0256","Network Monitoring","srv-netmon-010-prod","Sunday 02:00-06:00 AM"
"MACH-0257","Network Monitoring","srv-netmon-011-prod","Saturday 02:00-06:00 AM"
"MACH-0258","Network Monitoring","srv-netmon-012-uat","Thursday 22:00-02:00 AM"
"MACH-0259","Network Monitoring","srv-netmon-013-backup","Sunday 06:00-10:00 AM"
"MACH-0260","Network Packet Capture and Analysis","srv-netpkt-001-prod","Saturday 01:00-05:00 AM"
"MACH-0261","Network Packet Capture and Analysis","srv-netpkt-002-prod","Saturday 01:00-05:00 AM"
"MACH-0262","Network Packet Capture and Analysis","srv-netpkt-003-prod","Sunday 01:00-05:00 AM"
"MACH-0263","Network Packet Capture and Analysis","srv-netpkt-004-dev","Tuesday 23:00-03:00 AM"
"MACH-0264","Network Packet Capture and Analysis","srv-netpkt-005-test","Wednesday 22:00-02:00 AM"
"MACH-0265","Network Packet Capture and Analysis","srv-netpkt-006-prod","Saturday 01:00-05:00 AM"
"MACH-0266","Network Packet Capture and Analysis","srv-netpkt-007-prod","Sunday 01:00-05:00 AM"
"MACH-0267","Network Packet Capture and Analysis","srv-netpkt-008-uat","Thursday 23:00-03:00 AM"
"MACH-0268","Network Packet Capture and Analysis","srv-netpkt-009-prod","Saturday 01:00-05:00 AM"
"MACH-0269","Network Packet Capture and Analysis","srv-netpkt-010-dev","Tuesday 23:00-03:00 AM"
"MACH-0270","Network Packet Capture and Analysis","srv-netpkt-011-prod","Sunday 01:00-05:00 AM"
"MACH-0271","Network Packet Capture and Analysis","srv-netpkt-012-prod","Saturday 01:00-05:00 AM"
"MACH-0272","Network Performance Troubleshooting","srv-netperfts-001-prod","Sunday 03:00-07:00 AM"
"MACH-0273","Network Performance Troubleshooting","srv-netperfts-002-prod","Sunday 03:00-07:00 AM"
"MACH-0274","Network Performance Troubleshooting","srv-netperfts-003-prod","Saturday 03:00-07:00 AM"
"MACH-0275","Network Performance Troubleshooting","srv-netperfts-004-dev","Wednesday 22:00-02:00 AM"
"MACH-0276","Network Performance Troubleshooting","srv-netperfts-005-test","Thursday 23:00-03:00 AM"
"MACH-0277","Network Performance Troubleshooting","srv-netperfts-006-prod","Sunday 03:00-07:00 AM"
"MACH-0278","Network Performance Troubleshooting","srv-netperfts-007-prod","Saturday 03:00-07:00 AM"
"MACH-0279","Network Performance Troubleshooting","srv-netperfts-008-uat","Tuesday 22:00-02:00 AM"
"MACH-0280","Network Performance Troubleshooting","srv-netperfts-009-prod","Sunday 03:00-07:00 AM"
"MACH-0281","Network Performance Troubleshooting","srv-netperfts-010-dev","Wednesday 22:00-02:00 AM"
"MACH-0282","Network Performance Troubleshooting","srv-netperfts-011-prod","Saturday 03:00-07:00 AM"
"MACH-0283","Network TAP Configuration Change","srv-nettap-001-prod","Saturday 02:00-06:00 AM"
"MACH-0284","Network TAP Configuration Change","srv-nettap-002-prod","Saturday 02:00-06:00 AM"
"MACH-0285","Network TAP Configuration Change","srv-nettap-003-prod","Sunday 02:00-06:00 AM"
"MACH-0286","Network TAP Configuration Change","srv-nettap-004-dev","Tuesday 22:00-02:00 AM"
"MACH-0287","Network TAP Configuration Change","srv-nettap-005-test","Wednesday 23:00-03:00 AM"
"MACH-0288","Network TAP Configuration Change","srv-nettap-006-prod","Saturday 02:00-06:00 AM"
"MACH-0289","Network TAP Configuration Change","srv-nettap-007-prod","Sunday 02:00-06:00 AM"
"MACH-0290","Network TAP Configuration Change","srv-nettap-008-uat","Thursday 22:00-02:00 AM"
"MACH-0291","Network TAP Configuration Change","srv-nettap-009-prod","Saturday 02:00-06:00 AM"
"MACH-0292","Network TAP Configuration Change","srv-nettap-010-dev","Tuesday 22:00-02:00 AM"
"MACH-0293","Network TAP Configuration Change","srv-nettap-011-prod","Sunday 02:00-06:00 AM"
"MACH-0294","Network TAP Consultation","srv-nettapc-001-prod","Sunday 01:00-05:00 AM"
"MACH-0295","Network TAP Consultation","srv-nettapc-002-prod","Sunday 01:00-05:00 AM"
"MACH-0296","Network TAP Consultation","srv-nettapc-003-dev","Tuesday 23:00-03:00 AM"
"MACH-0297","Network TAP Consultation","srv-nettapc-004-test","Wednesday 22:00-02:00 AM"
"MACH-0298","Network TAP Consultation","srv-nettapc-005-prod","Sunday 01:00-05:00 AM"
"MACH-0299","Network TAP Consultation","srv-nettapc-006-prod","Saturday 01:00-05:00 AM"
"MACH-0300","Network TAP Consultation","srv-nettapc-007-uat","Thursday 23:00-03:00 AM"
"MACH-0301","Network TAP Consultation","srv-nettapc-008-dev","Tuesday 23:00-03:00 AM"
"MACH-0302","Network TAP Consultation","srv-nettapc-009-prod","Sunday 01:00-05:00 AM"
"MACH-0303","Network TAP Consultation","srv-nettapc-010-prod","Saturday 01:00-05:00 AM"
"MACH-0304","OS Server Support","srv-ossrv-001-prod","Sunday 02:00-06:00 AM"
"MACH-0305","OS Server Support","srv-ossrv-002-prod","Sunday 02:00-06:00 AM"
"MACH-0306","OS Server Support","srv-ossrv-003-prod","Saturday 02:00-06:00 AM"
"MACH-0307","OS Server Support","srv-ossrv-004-prod","Sunday 02:00-06:00 AM"
"MACH-0308","OS Server Support","srv-ossrv-005-dev","Wednesday 22:00-02:00 AM"
"MACH-0309","OS Server Support","srv-ossrv-006-test","Thursday 23:00-03:00 AM"
"MACH-0310","OS Server Support","srv-ossrv-007-prod","Sunday 02:00-06:00 AM"
"MACH-0311","OS Server Support","srv-ossrv-008-prod","Saturday 02:00-06:00 AM"
"MACH-0312","OS Server Support","srv-ossrv-009-uat","Tuesday 22:00-02:00 AM"
"MACH-0313","OS Server Support","srv-ossrv-010-prod","Sunday 02:00-06:00 AM"
"MACH-0314","OS Server Support","srv-ossrv-011-prod","Saturday 02:00-06:00 AM"
"MACH-0315","OS Server Support","srv-ossrv-012-dr","Sunday 06:00-10:00 AM"
"MACH-0316","Proxy Access Policy Configuration","srv-proxypol-001-prod","Sunday 00:00-04:00 AM"
"MACH-0317","Proxy Access Policy Configuration","srv-proxypol-002-prod","Sunday 00:00-04:00 AM"
"MACH-0318","Proxy Access Policy Configuration","srv-proxypol-003-prod","Sunday 00:00-04:00 AM"
"MACH-0319","Proxy Access Policy Configuration","srv-proxypol-004-dev","Monday 23:00-03:00 AM"
"MACH-0320","Proxy Access Policy Configuration","srv-proxypol-005-test","Tuesday 22:00-02:00 AM"
"MACH-0321","Proxy Access Policy Configuration","srv-proxypol-006-prod","Sunday 00:00-04:00 AM"
"MACH-0322","Proxy Access Policy Configuration","srv-proxypol-007-prod","Saturday 00:00-04:00 AM"
"MACH-0323","Proxy Access Policy Configuration","srv-proxypol-008-uat","Wednesday 23:00-03:00 AM"
"MACH-0324","Proxy Access Policy Configuration","srv-proxypol-009-prod","Sunday 00:00-04:00 AM"
"MACH-0325","Proxy Access Policy Configuration","srv-proxypol-010-dev","Monday 23:00-03:00 AM"
"MACH-0326","Proxy Access Policy Configuration","srv-proxypol-011-prod","Saturday 00:00-04:00 AM"
"MACH-0327","Proxy Access Policy Configuration","srv-proxypol-012-dr","Sunday 04:00-08:00 AM"
"MACH-0328","Proxy Access Policy Configuration","srv-proxypol-013-backup","Sunday 04:00-08:00 AM"
"MACH-0329","Proxy Performance Monitoring","srv-proxymon-001-prod","Saturday 01:00-05:00 AM"
"MACH-0330","Proxy Performance Monitoring","srv-proxymon-002-prod","Saturday 01:00-05:00 AM"
"MACH-0331","Proxy Performance Monitoring","srv-proxymon-003-prod","Sunday 01:00-05:00 AM"
"MACH-0332","Proxy Performance Monitoring","srv-proxymon-004-dev","Tuesday 23:00-03:00 AM"
"MACH-0333","Proxy Performance Monitoring","srv-proxymon-005-test","Wednesday 22:00-02:00 AM"
"MACH-0334","Proxy Performance Monitoring","srv-proxymon-006-prod","Saturday 01:00-05:00 AM"
"MACH-0335","Proxy Performance Monitoring","srv-proxymon-007-prod","Sunday 01:00-05:00 AM"
"MACH-0336","Proxy Performance Monitoring","srv-proxymon-008-uat","Thursday 23:00-03:00 AM"
"MACH-0337","Proxy Performance Monitoring","srv-proxymon-009-prod","Saturday 01:00-05:00 AM"
"MACH-0338","Proxy Performance Monitoring","srv-proxymon-010-dev","Tuesday 23:00-03:00 AM"
"MACH-0339","Proxy Performance Monitoring","srv-proxymon-011-prod","Sunday 01:00-05:00 AM"
"MACH-0340","Proxy Security Audit","srv-proxysec-001-prod","Saturday 03:00-07:00 AM"
"MACH-0341","Proxy Security Audit","srv-proxysec-002-prod","Saturday 03:00-07:00 AM"
"MACH-0342","Proxy Security Audit","srv-proxysec-003-prod","Sunday 03:00-07:00 AM"
"MACH-0343","Proxy Security Audit","srv-proxysec-004-dev","Tuesday 22:00-02:00 AM"
"MACH-0344","Proxy Security Audit","srv-proxysec-005-test","Wednesday 23:00-03:00 AM"
"MACH-0345","Proxy Security Audit","srv-proxysec-006-prod","Saturday 03:00-07:00 AM"
"MACH-0346","Proxy Security Audit","srv-proxysec-007-prod","Sunday 03:00-07:00 AM"
"MACH-0347","Proxy Security Audit","srv-proxysec-008-uat","Thursday 22:00-02:00 AM"
"MACH-0348","Proxy Security Audit","srv-proxysec-009-prod","Saturday 03:00-07:00 AM"
"MACH-0349","Proxy Security Audit","srv-proxysec-010-dev","Tuesday 22:00-02:00 AM"
"MACH-0350","Proxy Security Audit","srv-proxysec-011-prod","Sunday 03:00-07:00 AM"
"MACH-0351","Proxy Security Audit","srv-proxysec-012-audit","Sunday 07:00-11:00 AM"
"MACH-0352","Proxy Server Setup and Configuration","srv-proxysetup-001-prod","Sunday 02:00-06:00 AM"
"MACH-0353","Proxy Server Setup and Configuration","srv-proxysetup-002-prod","Sunday 02:00-06:00 AM"
"MACH-0354","Proxy Server Setup and Configuration","srv-proxysetup-003-prod","Saturday 02:00-06:00 AM"
"MACH-0355","Proxy Server Setup and Configuration","srv-proxysetup-004-dev","Wednesday 22:00-02:00 AM"
"MACH-0356","Proxy Server Setup and Configuration","srv-proxysetup-005-test","Thursday 23:00-03:00 AM"
"MACH-0357","Proxy Server Setup and Configuration","srv-proxysetup-006-prod","Sunday 02:00-06:00 AM"
"MACH-0358","Proxy Server Setup and Configuration","srv-proxysetup-007-prod","Saturday 02:00-06:00 AM"
"MACH-0359","Proxy Server Setup and Configuration","srv-proxysetup-008-uat","Tuesday 22:00-02:00 AM"
"MACH-0360","Proxy Server Setup and Configuration","srv-proxysetup-009-prod","Sunday 02:00-06:00 AM"
"MACH-0361","Proxy Server Setup and Configuration","srv-proxysetup-010-dev","Wednesday 22:00-02:00 AM"
"MACH-0362","Proxy Server Setup and Configuration","srv-proxysetup-011-prod","Saturday 02:00-06:00 AM"
"MACH-0363","Proxy zScaler Capacity Planning","srv-proxyzs-001-prod","Saturday 02:00-06:00 AM"
"MACH-0364","Proxy zScaler Capacity Planning","srv-proxyzs-002-prod","Saturday 02:00-06:00 AM"
"MACH-0365","Proxy zScaler Capacity Planning","srv-proxyzs-003-prod","Sunday 02:00-06:00 AM"
"MACH-0366","Proxy zScaler Capacity Planning","srv-proxyzs-004-dev","Tuesday 22:00-02:00 AM"
"MACH-0367","Proxy zScaler Capacity Planning","srv-proxyzs-005-test","Wednesday 23:00-03:00 AM"
"MACH-0368","Proxy zScaler Capacity Planning","srv-proxyzs-006-prod","Saturday 02:00-06:00 AM"
"MACH-0369","Proxy zScaler Capacity Planning","srv-proxyzs-007-prod","Sunday 02:00-06:00 AM"
"MACH-0370","Proxy zScaler Capacity Planning","srv-proxyzs-008-uat","Thursday 22:00-02:00 AM"
"MACH-0371","Proxy zScaler Capacity Planning","srv-proxyzs-009-prod","Saturday 02:00-06:00 AM"
"MACH-0372","Proxy zScaler Capacity Planning","srv-proxyzs-010-dev","Tuesday 22:00-02:00 AM"
"MACH-0373","Proxy zScaler Capacity Planning","srv-proxyzs-011-prod","Sunday 02:00-06:00 AM"
"MACH-0374","Splunk Alerting and Monitoring Setup","srv-splunkalt-001-prod","Sunday 01:00-05:00 AM"
"MACH-0375","Splunk Alerting and Monitoring Setup","srv-splunkalt-002-prod","Sunday 01:00-05:00 AM"
"MACH-0376","Splunk Alerting and Monitoring Setup","srv-splunkalt-003-prod","Saturday 01:00-05:00 AM"
"MACH-0377","Splunk Alerting and Monitoring Setup","srv-splunkalt-004-dev","Wednesday 23:00-03:00 AM"
"MACH-0378","Splunk Alerting and Monitoring Setup","srv-splunkalt-005-test","Thursday 22:00-02:00 AM"
"MACH-0379","Splunk Alerting and Monitoring Setup","srv-splunkalt-006-prod","Sunday 01:00-05:00 AM"
"MACH-0380","Splunk Alerting and Monitoring Setup","srv-splunkalt-007-prod","Saturday 01:00-05:00 AM"
"MACH-0381","Splunk Alerting and Monitoring Setup","srv-splunkalt-008-uat","Tuesday 23:00-03:00 AM"
"MACH-0382","Splunk Alerting and Monitoring Setup","srv-splunkalt-009-prod","Sunday 01:00-05:00 AM"
"MACH-0383","Splunk Alerting and Monitoring Setup","srv-splunkalt-010-dev","Wednesday 23:00-03:00 AM"
"MACH-0384","Splunk Alerting and Monitoring Setup","srv-splunkalt-011-prod","Saturday 01:00-05:00 AM"
"MACH-0385","Splunk Dashboard and Report Development","srv-splunkdash-001-prod","Saturday 03:00-07:00 AM"
"MACH-0386","Splunk Dashboard and Report Development","srv-splunkdash-002-prod","Saturday 03:00-07:00 AM"
"MACH-0387","Splunk Dashboard and Report Development","srv-splunkdash-003-dev","Tuesday 22:00-02:00 AM"
"MACH-0388","Splunk Dashboard and Report Development","srv-splunkdash-004-test","Wednesday 23:00-03:00 AM"
"MACH-0389","Splunk Dashboard and Report Development","srv-splunkdash-005-prod","Saturday 03:00-07:00 AM"
"MACH-0390","Splunk Dashboard and Report Development","srv-splunkdash-006-prod","Sunday 03:00-07:00 AM"
"MACH-0391","Splunk Dashboard and Report Development","srv-splunkdash-007-uat","Thursday 22:00-02:00 AM"
"MACH-0392","Splunk Dashboard and Report Development","srv-splunkdash-008-dev","Tuesday 22:00-02:00 AM"
"MACH-0393","Splunk Dashboard and Report Development","srv-splunkdash-009-prod","Saturday 03:00-07:00 AM"
"MACH-0394","Splunk Dashboard and Report Development","srv-splunkdash-010-prod","Sunday 03:00-07:00 AM"
"MACH-0395","Splunk Data Ingestion Setup","srv-splunking-001-prod","Sunday 00:00-04:00 AM"
"MACH-0396","Splunk Data Ingestion Setup","srv-splunking-002-prod","Sunday 00:00-04:00 AM"
"MACH-0397","Splunk Data Ingestion Setup","srv-splunking-003-prod","Sunday 00:00-04:00 AM"
"MACH-0398","Splunk Data Ingestion Setup","srv-splunking-004-dev","Monday 23:00-03:00 AM"
"MACH-0399","Splunk Data Ingestion Setup","srv-splunking-005-test","Tuesday 22:00-02:00 AM"
"MACH-0400","Splunk Data Ingestion Setup","srv-splunking-006-prod","Sunday 00:00-04:00 AM"
"MACH-0401","Splunk Data Ingestion Setup","srv-splunking-007-prod","Saturday 00:00-04:00 AM"
"MACH-0402","Splunk Data Ingestion Setup","srv-splunking-008-uat","Wednesday 23:00-03:00 AM"
"MACH-0403","Splunk Data Ingestion Setup","srv-splunking-009-prod","Sunday 00:00-04:00 AM"
"MACH-0404","Splunk Data Ingestion Setup","srv-splunking-010-dev","Monday 23:00-03:00 AM"
"MACH-0405","Splunk Data Ingestion Setup","srv-splunking-011-prod","Saturday 00:00-04:00 AM"
"MACH-0406","Splunk Data Ingestion Setup","srv-splunking-012-dr","Sunday 04:00-08:00 AM"
"MACH-0407","Splunk Data Retention Policy Setup","srv-splunkret-001-prod","Saturday 02:00-06:00 AM"
"MACH-0408","Splunk Data Retention Policy Setup","srv-splunkret-002-prod","Saturday 02:00-06:00 AM"
"MACH-0409","Splunk Data Retention Policy Setup","srv-splunkret-003-prod","Sunday 02:00-06:00 AM"
"MACH-0410","Splunk Data Retention Policy Setup","srv-splunkret-004-dev","Tuesday 22:00-02:00 AM"
"MACH-0411","Splunk Data Retention Policy Setup","srv-splunkret-005-test","Wednesday 23:00-03:00 AM"
"MACH-0412","Splunk Data Retention Policy Setup","srv-splunkret-006-prod","Saturday 02:00-06:00 AM"
"MACH-0413","Splunk Data Retention Policy Setup","srv-splunkret-007-prod","Sunday 02:00-06:00 AM"
"MACH-0414","Splunk Data Retention Policy Setup","srv-splunkret-008-uat","Thursday 22:00-02:00 AM"
"MACH-0415","Splunk Data Retention Policy Setup","srv-splunkret-009-prod","Saturday 02:00-06:00 AM"
"MACH-0416","Splunk Data Retention Policy Setup","srv-splunkret-010-dev","Tuesday 22:00-02:00 AM"
"MACH-0417","Splunk Data Retention Policy Setup","srv-splunkret-011-prod","Sunday 02:00-06:00 AM"
"MACH-0418","Splunk Data Retention Policy Setup","srv-splunkret-012-archive","Sunday 06:00-10:00 AM"
"MACH-0419","Splunk Index Creation and Management","srv-splunkidx-001-prod","Sunday 01:00-05:00 AM"
"MACH-0420","Splunk Index Creation and Management","srv-splunkidx-002-prod","Sunday 01:00-05:00 AM"
"MACH-0421","Splunk Index Creation and Management","srv-splunkidx-003-prod","Saturday 01:00-05:00 AM"
"MACH-0422","Splunk Index Creation and Management","srv-splunkidx-004-dev","Wednesday 22:00-02:00 AM"
"MACH-0423","Splunk Index Creation and Management","srv-splunkidx-005-test","Thursday 23:00-03:00 AM"
"MACH-0424","Splunk Index Creation and Management","srv-splunkidx-006-prod","Sunday 01:00-05:00 AM"
"MACH-0425","Splunk Index Creation and Management","srv-splunkidx-007-prod","Saturday 01:00-05:00 AM"
"MACH-0426","Splunk Index Creation and Management","srv-splunkidx-008-uat","Tuesday 22:00-02:00 AM"
"MACH-0427","Splunk Index Creation and Management","srv-splunkidx-009-prod","Sunday 01:00-05:00 AM"
"MACH-0428","Splunk Index Creation and Management","srv-splunkidx-010-dev","Wednesday 22:00-02:00 AM"
"MACH-0429","Splunk Index Creation and Management","srv-splunkidx-011-prod","Saturday 01:00-05:00 AM"
"MACH-0430","Storage Capacity Planning","srv-stgcap-001-prod","Saturday 02:00-06:00 AM"
"MACH-0431","Storage Capacity Planning","srv-stgcap-002-prod","Saturday 02:00-06:00 AM"
"MACH-0432","Storage Capacity Planning","srv-stgcap-003-prod","Sunday 02:00-06:00 AM"
"MACH-0433","Storage Capacity Planning","srv-stgcap-004-dev","Tuesday 22:00-02:00 AM"
"MACH-0434","Storage Capacity Planning","srv-stgcap-005-test","Wednesday 23:00-03:00 AM"
"MACH-0435","Storage Capacity Planning","srv-stgcap-006-prod","Saturday 02:00-06:00 AM"
"MACH-0436","Storage Capacity Planning","srv-stgcap-007-prod","Sunday 02:00-06:00 AM"
"MACH-0437","Storage Capacity Planning","srv-stgcap-008-uat","Thursday 22:00-02:00 AM"
"MACH-0438","Storage Capacity Planning","srv-stgcap-009-prod","Saturday 02:00-06:00 AM"
"MACH-0439","Storage Capacity Planning","srv-stgcap-010-dev","Tuesday 22:00-02:00 AM"
"MACH-0440","Storage Capacity Planning","srv-stgcap-011-prod","Sunday 02:00-06:00 AM"
"MACH-0441","Storage Capacity Planning","srv-stgcap-012-prod","Saturday 02:00-06:00 AM"
"MACH-0442","Storage Decommission and Data Migration","srv-stgdecom-001-prod","Sunday 00:00-04:00 AM"
"MACH-0443","Storage Decommission and Data Migration","srv-stgdecom-002-prod","Sunday 00:00-04:00 AM"
"MACH-0444","Storage Decommission and Data Migration","srv-stgdecom-003-dev","Monday 23:00-03:00 AM"
"MACH-0445","Storage Decommission and Data Migration","srv-stgdecom-004-test","Tuesday 22:00-02:00 AM"
"MACH-0446","Storage Decommission and Data Migration","srv-stgdecom-005-prod","Sunday 00:00-04:00 AM"
"MACH-0447","Storage Decommission and Data Migration","srv-stgdecom-006-prod","Saturday 00:00-04:00 AM"
"MACH-0448","Storage Decommission and Data Migration","srv-stgdecom-007-uat","Wednesday 23:00-03:00 AM"
"MACH-0449","Storage Decommission and Data Migration","srv-stgdecom-008-dev","Monday 23:00-03:00 AM"
"MACH-0450","Storage Decommission and Data Migration","srv-stgdecom-009-prod","Sunday 00:00-04:00 AM"
"MACH-0451","Storage Decommission and Data Migration","srv-stgdecom-010-prod","Saturday 00:00-04:00 AM"
"MACH-0452","Storage Expansion - SAN/NAS/File Share","srv-stgexp-001-prod","Saturday 01:00-05:00 AM"
"MACH-0453","Storage Expansion - SAN/NAS/File Share","srv-stgexp-002-prod","Saturday 01:00-05:00 AM"
"MACH-0454","Storage Expansion - SAN/NAS/File Share","srv-stgexp-003-prod","Sunday 01:00-05:00 AM"
"MACH-0455","Storage Expansion - SAN/NAS/File Share","srv-stgexp-004-dev","Tuesday 23:00-03:00 AM"
"MACH-0456","Storage Expansion - SAN/NAS/File Share","srv-stgexp-005-test","Wednesday 22:00-02:00 AM"
"MACH-0457","Storage Expansion - SAN/NAS/File Share","srv-stgexp-006-prod","Saturday 01:00-05:00 AM"
"MACH-0458","Storage Expansion - SAN/NAS/File Share","srv-stgexp-007-prod","Sunday 01:00-05:00 AM"
"MACH-0459","Storage Expansion - SAN/NAS/File Share","srv-stgexp-008-uat","Thursday 23:00-03:00 AM"
"MACH-0460","Storage Expansion - SAN/NAS/File Share","srv-stgexp-009-prod","Saturday 01:00-05:00 AM"
"MACH-0461","Storage Expansion - SAN/NAS/File Share","srv-stgexp-010-dev","Tuesday 23:00-03:00 AM"
"MACH-0462","Storage Expansion - SAN/NAS/File Share","srv-stgexp-011-prod","Sunday 01:00-05:00 AM"
"MACH-0463","Storage Expansion - SAN/NAS/File Share","srv-stgexp-012-dr","Sunday 05:00-09:00 AM"
"MACH-0464","Storage Monitoring and Alerting Setup","srv-stgmon-001-prod","Sunday 02:00-06:00 AM"
"MACH-0465","Storage Monitoring and Alerting Setup","srv-stgmon-002-prod","Sunday 02:00-06:00 AM"
"MACH-0466","Storage Monitoring and Alerting Setup","srv-stgmon-003-prod","Sunday 02:00-06:00 AM"
"MACH-0467","Storage Monitoring and Alerting Setup","srv-stgmon-004-prod","Saturday 02:00-06:00 AM"
"MACH-0468","Storage Monitoring and Alerting Setup","srv-stgmon-005-dev","Wednesday 22:00-02:00 AM"
"MACH-0469","Storage Monitoring and Alerting Setup","srv-stgmon-006-test","Thursday 23:00-03:00 AM"
"MACH-0470","Storage Monitoring and Alerting Setup","srv-stgmon-007-prod","Sunday 02:00-06:00 AM"
"MACH-0471","Storage Monitoring and Alerting Setup","srv-stgmon-008-prod","Saturday 02:00-06:00 AM"
"MACH-0472","Storage Monitoring and Alerting Setup","srv-stgmon-009-uat","Tuesday 22:00-02:00 AM"
"MACH-0473","Storage Monitoring and Alerting Setup","srv-stgmon-010-prod","Sunday 02:00-06:00 AM"
"MACH-0474","Storage Monitoring and Alerting Setup","srv-stgmon-011-prod","Saturday 02:00-06:00 AM"
"MACH-0475","Storage Monitoring and Alerting Setup","srv-stgmon-012-dr","Sunday 06:00-10:00 AM"
"MACH-0476","Storage Performance Analysis","srv-stgperf-001-prod","Saturday 03:00-07:00 AM"
"MACH-0477","Storage Performance Analysis","srv-stgperf-002-prod","Saturday 03:00-07:00 AM"
"MACH-0478","Storage Performance Analysis","srv-stgperf-003-prod","Sunday 03:00-07:00 AM"
"MACH-0479","Storage Performance Analysis","srv-stgperf-004-dev","Tuesday 22:00-02:00 AM"
"MACH-0480","Storage Performance Analysis","srv-stgperf-005-test","Wednesday 23:00-03:00 AM"
"MACH-0481","Storage Performance Analysis","srv-stgperf-006-prod","Saturday 03:00-07:00 AM"
"MACH-0482","Storage Performance Analysis","srv-stgperf-007-prod","Sunday 03:00-07:00 AM"
"MACH-0483","Storage Performance Analysis","srv-stgperf-008-uat","Thursday 22:00-02:00 AM"
"MACH-0484","Storage Performance Analysis","srv-stgperf-009-prod","Saturday 03:00-07:00 AM"
"MACH-0485","Storage Performance Analysis","srv-stgperf-010-dev","Tuesday 22:00-02:00 AM"
"MACH-0486","Storage Performance Analysis","srv-stgperf-011-prod","Sunday 03:00-07:00 AM"
"MACH-0487","Storage Security Audit","srv-stgsec-001-prod","Sunday 04:00-08:00 AM"
"MACH-0488","Storage Security Audit","srv-stgsec-002-prod","Sunday 04:00-08:00 AM"
"MACH-0489","Storage Security Audit","srv-stgsec-003-prod","Saturday 04:00-08:00 AM"
"MACH-0490","Storage Security Audit","srv-stgsec-004-dev","Tuesday 23:00-03:00 AM"
"MACH-0491","Storage Security Audit","srv-stgsec-005-test","Wednesday 22:00-02:00 AM"
"MACH-0492","Storage Security Audit","srv-stgsec-006-prod","Sunday 04:00-08:00 AM"
"MACH-0493","Storage Security Audit","srv-stgsec-007-prod","Saturday 04:00-08:00 AM"
"MACH-0494","Storage Security Audit","srv-stgsec-008-uat","Thursday 23:00-03:00 AM"
"MACH-0495","Storage Security Audit","srv-stgsec-009-prod","Sunday 04:00-08:00 AM"
"MACH-0496","Storage Security Audit","srv-stgsec-010-dev","Tuesday 23:00-03:00 AM"
"MACH-0497","Storage Security Audit","srv-stgsec-011-prod","Saturday 04:00-08:00 AM"
"MACH-0498","Storage Security Audit","srv-stgsec-012-audit","Sunday 08:00-12:00 PM"
"MACH-0499","User File Recovery","srv-usrfilerec-001-prod","Saturday 01:00-05:00 AM"
"MACH-0500","User File Recovery","srv-usrfilerec-002-prod","Saturday 01:00-05:00 AM"
"MACH-0501","User File Recovery","srv-usrfilerec-003-prod","Sunday 01:00-05:00 AM"
"MACH-0502","User File Recovery","srv-usrfilerec-004-dr","Sunday 05:00-09:00 AM"
"MACH-0503","User File Recovery","srv-usrfilerec-005-dev","Tuesday 23:00-03:00 AM"
"MACH-0504","User File Recovery","srv-usrfilerec-006-test","Wednesday 22:00-02:00 AM"
"MACH-0505","User File Recovery","srv-usrfilerec-007-prod","Saturday 01:00-05:00 AM"
"MACH-0506","User File Recovery","srv-usrfilerec-008-prod","Sunday 01:00-05:00 AM"
"MACH-0507","User File Recovery","srv-usrfilerec-009-uat","Thursday 23:00-03:00 AM"
"MACH-0508","User File Recovery","srv-usrfilerec-010-prod","Saturday 01:00-05:00 AM"
"MACH-0509","User File Recovery","srv-usrfilerec-011-prod","Sunday 01:00-05:00 AM"
"MACH-0510","VM Capacity Planning","srv-vmcap-001-prod","Sunday 02:00-06:00 AM"
"MACH-0511","VM Capacity Planning","srv-vmcap-002-prod","Sunday 02:00-06:00 AM"
"MACH-0512","VM Capacity Planning","srv-vmcap-003-prod","Saturday 02:00-06:00 AM"
"MACH-0513","VM Capacity Planning","srv-vmcap-004-dev","Wednesday 22:00-02:00 AM"
"MACH-0514","VM Capacity Planning","srv-vmcap-005-test","Thursday 23:00-03:00 AM"
"MACH-0515","VM Capacity Planning","srv-vmcap-006-prod","Sunday 02:00-06:00 AM"
"MACH-0516","VM Capacity Planning","srv-vmcap-007-prod","Saturday 02:00-06:00 AM"
"MACH-0517","VM Capacity Planning","srv-vmcap-008-uat","Tuesday 22:00-02:00 AM"
"MACH-0518","VM Capacity Planning","srv-vmcap-009-prod","Sunday 02:00-06:00 AM"
"MACH-0519","VM Capacity Planning","srv-vmcap-010-dev","Wednesday 22:00-02:00 AM"
"MACH-0520","VM Capacity Planning","srv-vmcap-011-prod","Saturday 02:00-06:00 AM"
"MACH-0521","VM Capacity Planning","srv-vmcap-012-prod","Sunday 02:00-06:00 AM"
"MACH-0522","VM Decommissioning","srv-vmdecom-001-prod","Saturday 00:00-04:00 AM"
"MACH-0523","VM Decommissioning","srv-vmdecom-002-prod","Saturday 00:00-04:00 AM"
"MACH-0524","VM Decommissioning","srv-vmdecom-003-dev","Monday 23:00-03:00 AM"
"MACH-0525","VM Decommissioning","srv-vmdecom-004-test","Tuesday 22:00-02:00 AM"
"MACH-0526","VM Decommissioning","srv-vmdecom-005-prod","Saturday 00:00-04:00 AM"
"MACH-0527","VM Decommissioning","srv-vmdecom-006-prod","Sunday 00:00-04:00 AM"
"MACH-0528","VM Decommissioning","srv-vmdecom-007-uat","Wednesday 23:00-03:00 AM"
"MACH-0529","VM Decommissioning","srv-vmdecom-008-dev","Monday 23:00-03:00 AM"
"MACH-0530","VM Decommissioning","srv-vmdecom-009-prod","Saturday 00:00-04:00 AM"
"MACH-0531","VM Decommissioning","srv-vmdecom-010-prod","Sunday 00:00-04:00 AM"
"MACH-0532","VM Memory or CPU Change","srv-vmresrc-001-prod","Sunday 01:00-05:00 AM"
"MACH-0533","VM Memory or CPU Change","srv-vmresrc-002-prod","Sunday 01:00-05:00 AM"
"MACH-0534","VM Memory or CPU Change","srv-vmresrc-003-prod","Saturday 01:00-05:00 AM"
"MACH-0535","VM Memory or CPU Change","srv-vmresrc-004-dev","Tuesday 23:00-03:00 AM"
"MACH-0536","VM Memory or CPU Change","srv-vmresrc-005-test","Wednesday 22:00-02:00 AM"
"MACH-0537","VM Memory or CPU Change","srv-vmresrc-006-prod","Sunday 01:00-05:00 AM"
"MACH-0538","VM Memory or CPU Change","srv-vmresrc-007-prod","Saturday 01:00-05:00 AM"
"MACH-0539","VM Memory or CPU Change","srv-vmresrc-008-uat","Thursday 23:00-03:00 AM"
"MACH-0540","VM Memory or CPU Change","srv-vmresrc-009-prod","Sunday 01:00-05:00 AM"
"MACH-0541","VM Memory or CPU Change","srv-vmresrc-010-dev","Tuesday 23:00-03:00 AM"
"MACH-0542","VM Memory or CPU Change","srv-vmresrc-011-prod","Saturday 01:00-05:00 AM"
"MACH-0543","VM Memory or CPU Change","srv-vmresrc-012-prod","Sunday 01:00-05:00 AM"
"MACH-0544","VM Performance Troubleshooting","srv-vmperfts-001-prod","Saturday 02:00-06:00 AM"
"MACH-0545","VM Performance Troubleshooting","srv-vmperfts-002-prod","Saturday 02:00-06:00 AM"
"MACH-0546","VM Performance Troubleshooting","srv-vmperfts-003-prod","Sunday 02:00-06:00 AM"
"MACH-0547","VM Performance Troubleshooting","srv-vmperfts-004-dev","Tuesday 22:00-02:00 AM"
"MACH-0548","VM Performance Troubleshooting","srv-vmperfts-005-test","Wednesday 23:00-03:00 AM"
"MACH-0549","VM Performance Troubleshooting","srv-vmperfts-006-prod","Saturday 02:00-06:00 AM"
"MACH-0550","VM Performance Troubleshooting","srv-vmperfts-007-prod","Sunday 02:00-06:00 AM"
"MACH-0551","VM Performance Troubleshooting","srv-vmperfts-008-uat","Thursday 22:00-02:00 AM"
"MACH-0552","VM Performance Troubleshooting","srv-vmperfts-009-prod","Saturday 02:00-06:00 AM"
"MACH-0553","VM Performance Troubleshooting","srv-vmperfts-010-dev","Tuesday 22:00-02:00 AM"
"MACH-0554","VM Performance Troubleshooting","srv-vmperfts-011-prod","Sunday 02:00-06:00 AM"
"MACH-0555","VM Performance Troubleshooting","srv-vmperfts-012-prod","Saturday 02:00-06:00 AM"
"MACH-0556","VM Provisioning","srv-vmprov-001-prod","Sunday 00:00-04:00 AM"
"MACH-0557","VM Provisioning","srv-vmprov-002-prod","Sunday 00:00-04:00 AM"
"MACH-0558","VM Provisioning","srv-vmprov-003-prod","Sunday 00:00-04:00 AM"
"MACH-0559","VM Provisioning","srv-vmprov-004-dev","Monday 23:00-03:00 AM"
"MACH-0560","VM Provisioning","srv-vmprov-005-test","Tuesday 22:00-02:00 AM"
"MACH-0561","VM Provisioning","srv-vmprov-006-prod","Sunday 00:00-04:00 AM"
"MACH-0562","VM Provisioning","srv-vmprov-007-prod","Saturday 00:00-04:00 AM"
"MACH-0563","VM Provisioning","srv-vmprov-008-uat","Wednesday 23:00-03:00 AM"
"MACH-0564","VM Provisioning","srv-vmprov-009-prod","Sunday 00:00-04:00 AM"
"MACH-0565","VM Provisioning","srv-vmprov-010-dev","Monday 23:00-03:00 AM"
"MACH-0566","VM Provisioning","srv-vmprov-011-prod","Saturday 00:00-04:00 AM"
"MACH-0567","VM Provisioning","srv-vmprov-012-dr","Sunday 04:00-08:00 AM"
"MACH-0568","VM Provisioning","srv-vmprov-013-backup","Sunday 04:00-08:00 AM"
"MACH-0569","VM Snapshot Management","srv-vmsnap-001-prod","Saturday 03:00-07:00 AM"
"MACH-0570","VM Snapshot Management","srv-vmsnap-002-prod","Saturday 03:00-07:00 AM"
"MACH-0571","VM Snapshot Management","srv-vmsnap-003-prod","Sunday 03:00-07:00 AM"
"MACH-0572","VM Snapshot Management","srv-vmsnap-004-dev","Tuesday 22:00-02:00 AM"
"MACH-0573","VM Snapshot Management","srv-vmsnap-005-test","Wednesday 23:00-03:00 AM"
"MACH-0574","VM Snapshot Management","srv-vmsnap-006-prod","Saturday 03:00-07:00 AM"
"MACH-0575","VM Snapshot Management","srv-vmsnap-007-prod","Sunday 03:00-07:00 AM"
"MACH-0576","VM Snapshot Management","srv-vmsnap-008-uat","Thursday 22:00-02:00 AM"
"MACH-0577","VM Snapshot Management","srv-vmsnap-009-prod","Saturday 03:00-07:00 AM"
"MACH-0578","VM Snapshot Management","srv-vmsnap-010-dev","Tuesday 22:00-02:00 AM"
"MACH-0579","VM Snapshot Management","srv-vmsnap-011-prod","Sunday 03:00-07:00 AM"
"MACH-0580","Wireless Access Point Installation & Move-Add-Change","srv-wifiap-001-prod","Saturday 02:00-06:00 AM"
"MACH-0581","Wireless Access Point Installation & Move-Add-Change","srv-wifiap-002-prod","Saturday 02:00-06:00 AM"
"MACH-0582","Wireless Access Point Installation & Move-Add-Change","srv-wifiap-003-prod","Sunday 02:00-06:00 AM"
"MACH-0583","Wireless Access Point Installation & Move-Add-Change","srv-wifiap-004-dev","Tuesday 22:00-02:00 AM"
"MACH-0584","Wireless Access Point Installation & Move-Add-Change","srv-wifiap-005-test","Wednesday 23:00-03:00 AM"
"MACH-0585","Wireless Access Point Installation & Move-Add-Change","srv-wifiap-006-prod","Saturday 02:00-06:00 AM"
"MACH-0586","Wireless Access Point Installation & Move-Add-Change","srv-wifiap-007-prod","Sunday 02:00-06:00 AM"
"MACH-0587","Wireless Access Point Installation & Move-Add-Change","srv-wifiap-008-uat","Thursday 22:00-02:00 AM"
"MACH-0588","Wireless Access Point Installation & Move-Add-Change","srv-wifiap-009-prod","Saturday 02:00-06:00 AM"
"MACH-0589","Wireless Access Point Installation & Move-Add-Change","srv-wifiap-010-dev","Tuesday 22:00-02:00 AM"
"MACH-0590","Wireless Access Point Installation & Move-Add-Change","srv-wifiap-011-prod","Sunday 02:00-06:00 AM"
"MACH-0591","Wireless Access Point Installation & Move-Add-Change","srv-wifiap-012-prod","Saturday 02:00-06:00 AM"
"MACH-0592","Wireless Guest Network Setup & Management","srv-wifiguest-001-prod","Sunday 01:00-05:00 AM"
"MACH-0593","Wireless Guest Network Setup & Management","srv-wifiguest-002-prod","Sunday 01:00-05:00 AM"
"MACH-0594","Wireless Guest Network Setup & Management","srv-wifiguest-003-prod","Saturday 01:00-05:00 AM"
"MACH-0595","Wireless Guest Network Setup & Management","srv-wifiguest-004-dev","Wednesday 22:00-02:00 AM"
"MACH-0596","Wireless Guest Network Setup & Management","srv-wifiguest-005-test","Thursday 23:00-03:00 AM"
"MACH-0597","Wireless Guest Network Setup & Management","srv-wifiguest-006-prod","Sunday 01:00-05:00 AM"
"MACH-0598","Wireless Guest Network Setup & Management","srv-wifiguest-007-prod","Saturday 01:00-05:00 AM"
"MACH-0599","Wireless Guest Network Setup & Management","srv-wifiguest-008-uat","Tuesday 22:00-02:00 AM"
"MACH-0600","Wireless Guest Network Setup & Management","srv-wifiguest-009-prod","Sunday 01:00-05:00 AM"
"MACH-0601","Wireless Guest Network Setup & Management","srv-wifiguest-010-dev","Wednesday 22:00-02:00 AM"
"MACH-0602","Wireless Guest Network Setup & Management","srv-wifiguest-011-prod","Saturday 01:00-05:00 AM"
"MACH-0603","Wireless Network Performance Troubleshooting","srv-wifiperfts-001-prod","Saturday 03:00-07:00 AM"
"MACH-0604","Wireless Network Performance Troubleshooting","srv-wifiperfts-002-prod","Saturday 03:00-07:00 AM"
"MACH-0605","Wireless Network Performance Troubleshooting","srv-wifiperfts-003-prod","Sunday 03:00-07:00 AM"
"MACH-0606","Wireless Network Performance Troubleshooting","srv-wifiperfts-004-dev","Tuesday 22:00-02:00 AM"
"MACH-0607","Wireless Network Performance Troubleshooting","srv-wifiperfts-005-test","Wednesday 23:00-03:00 AM"
"MACH-0608","Wireless Network Performance Troubleshooting","srv-wifiperfts-006-prod","Saturday 03:00-07:00 AM"
"MACH-0609","Wireless Network Performance Troubleshooting","srv-wifiperfts-007-prod","Sunday 03:00-07:00 AM"
"MACH-0610","Wireless Network Performance Troubleshooting","srv-wifiperfts-008-uat","Thursday 22:00-02:00 AM"
"MACH-0611","Wireless Network Performance Troubleshooting","srv-wifiperfts-009-prod","Saturday 03:00-07:00 AM"
"MACH-0612","Wireless Network Performance Troubleshooting","srv-wifiperfts-010-dev","Tuesday 22:00-02:00 AM"
"MACH-0613","Wireless Network Performance Troubleshooting","srv-wifiperfts-011-prod","Sunday 03:00-07:00 AM"
"MACH-0614","Wireless Site Survey & Coverage Remediation","srv-wifisurvey-001-prod","Sunday 00:00-04:00 AM"
"MACH-0615","Wireless Site Survey & Coverage Remediation","srv-wifisurvey-002-prod","Sunday 00:00-04:00 AM"
"MACH-0616","Wireless Site Survey & Coverage Remediation","srv-wifisurvey-003-dev","Monday 23:00-03:00 AM"
"MACH-0617","Wireless Site Survey & Coverage Remediation","srv-wifisurvey-004-test","Tuesday 22:00-02:00 AM"
"MACH-0618","Wireless Site Survey & Coverage Remediation","srv-wifisurvey-005-prod","Sunday 00:00-04:00 AM"
"MACH-0619","Wireless Site Survey & Coverage Remediation","srv-wifisurvey-006-prod","Saturday 00:00-04:00 AM"
"MACH-0620","Wireless Site Survey & Coverage Remediation","srv-wifisurvey-007-uat","Wednesday 23:00-03:00 AM"
"MACH-0621","Wireless Site Survey & Coverage Remediation","srv-wifisurvey-008-dev","Monday 23:00-03:00 AM"
"MACH-0622","Wireless Site Survey & Coverage Remediation","srv-wifisurvey-009-prod","Sunday 00:00-04:00 AM"
"MACH-0623","Wireless Site Survey & Coverage Remediation","srv-wifisurvey-010-prod","Saturday 00:00-04:00 AM"
"MACH-0624","Wireless SSID Provisioning & 802.1X Setup","srv-wifissid-001-prod","Saturday 01:00-05:00 AM"
"MACH-0625","Wireless SSID Provisioning & 802.1X Setup","srv-wifissid-002-prod","Saturday 01:00-05:00 AM"
"MACH-0626","Wireless SSID Provisioning & 802.1X Setup","srv-wifissid-003-prod","Sunday 01:00-05:00 AM"
"MACH-0627","Wireless SSID Provisioning & 802.1X Setup","srv-wifissid-004-dev","Tuesday 23:00-03:00 AM"
"MACH-0628","Wireless SSID Provisioning & 802.1X Setup","srv-wifissid-005-test","Wednesday 22:00-02:00 AM"
"MACH-0629","Wireless SSID Provisioning & 802.1X Setup","srv-wifissid-006-prod","Saturday 01:00-05:00 AM"
"MACH-0630","Wireless SSID Provisioning & 802.1X Setup","srv-wifissid-007-prod","Sunday 01:00-05:00 AM"
"MACH-0631","Wireless SSID Provisioning & 802.1X Setup","srv-wifissid-008-uat","Thursday 23:00-03:00 AM"
"MACH-0632","Wireless SSID Provisioning & 802.1X Setup","srv-wifissid-009-prod","Saturday 01:00-05:00 AM"
"MACH-0633","Wireless SSID Provisioning & 802.1X Setup","srv-wifissid-010-dev","Tuesday 23:00-03:00 AM"
"MACH-0634","Wireless SSID Provisioning & 802.1X Setup","srv-wifissid-011-prod","Sunday 01:00-05:00 AM"
"MACH-0635","Wireless SSID Provisioning & 802.1X Setup","srv-wifissid-012-prod","Saturday 01:00-05:00 AM"
